Country Name,Country Code,2004,2005,2006,2007,2008,2009,2010,2011,2012,2013,2014,2015,2016,2017,2018,2019,2020,2021,2022,2023
Africa Eastern and Southern,AFE,7697168.8051714655,8335379.466,9036517.99,13191679.089000002,15062122.89,18060120.68,28106344.511,37042182.844000004,47007236.72400001,57520269.9,71507247.79,86818627.46700001,97868995.95699999,111370220.934,130244614.83,154116643.092,180555986.0,210361823.76,229791917.402,261925813.63599998
Afghanistan,AFG,24929.29239086,298748.50693050004,535716.1694928,492287.18799999997,487280.24480000004,975046.5854999999,1131363.56,1467385.4,1666912.334547,1865739.5360000003,2295476.61,2794503.7064,3817067.32,4818006.225,6172830.552,6662677.296,7188692.135999999,12760131.428,13857674.543,15400443.711499998
Africa Western and Central,AFW,3626782.0502770175,7281534.948,11072547.372000001,14069335.392,17229305.45,20551942.952,26233795.44,32606742.441,39692115.947000004,49899806.081999995,60641815.003,71917989.34,85461493.857,102284834.19199999,116214350.155,133912608.98099999,153760469.724,166670901.971,183535869.42,200703044.06599998
Angola,AGO,86457.55616744999,220569.3475257,300229.185,353235.53699999995,409994.445,515539.779,652255.1,1138262.544,1938659.3380000002,3401530.6,5802164.956087001,6194715.56,6770472.24,7861058.14,9076174.95,10402096.307807999,12254721.854804002,13055571.834742999,14002250.120115,22515858.908267997
Albania,ALB,73263.72886209999,182010.9616443,287583.4674453,446574.72613699996,703229.1203999999,1206137.8280000002,1310859.45,1365441.65,1432798.094,1499657.656,1568783.4719999998,1639120.007,1714156.196,1793037.1679999998,1874609.904,1956559.347264,2049996.8470730002,2230317.502842,2294751.6573929996,2282880.2980319997
Andorra,AND,19947.343500000003,29114.786418000003,38946.35228,58026.229900000006,58479.89800000001,65877.2464,65371.86,63004.23,63541.718,63463.736000000004,63487.55699999999,63440.946,64746.357,67542.935025,44314.501950470556,69376.21863799999,72122.49328000001,73581.8369,75309.667775,71765.41382399999
Arab World,ARB,22730476.96902885,27617796.88754092,37894061.15958314,47716382.65321098,63122588.83098925,74958505.34555416,91533853.45630398,100487494.67975348,115230079.43620178,130431584.5443439,148196707.90037766,168105909.23358935,172415342.3168576,206413297.74043632,228974425.8412744,266916702.33079323,273433146.4619099,295589687.2358308,317485829.73763937,454590758.8509614
United Arab Emirates,ARE,1334505.333671,1865916.0,2604732.0,3431027.35,3970678.32,4292517.12,4671489.84,5541539.64,6282730.8,6769867.28,7285733.76,7697239.485,8095196.07,8745452.721775,9201827.1345,9365495.8275,9401038.0,9575152.0,10074977.0,10483751.0
Argentina,ARG,6224792.001172001,6949450.311534001,8291799.25028,10382989.428558,11364279.030648,13890642.54,18579912.3,21282636.6,23526240.317999996,25506890.545,27836573.937000003,29583106.752171997,31155613.132969998,32904389.508406,34696843.314,35954936.06355,38645637.71796,39489970.077466995,40129416.791616,40633459.82829
Armenia,ARM,155048.76748999997,165279.76272,176111.70509,187104.3225,191708.91,469098.0,761200.0,968928.0,1134037.5,1266218.0,1646221.9463999998,1775742.6368,1925425.358,1929009.5506,2026197.0189999999,1971363.0374999996,2265775.5355,2328732.1629000003,2287106.4683999997,2714404.006325
Antigua and Barbuda,ATG,19102.346135,21494.97,24181.2,27779.36,31506.56,35352.66,40100.4,44892.64,50610.8,55832.575999999994,60164.917,62586.3,65677.37,68936.61600000001,72377.09599999999,76014.848,79799.203102,80411.96826,84867.17932,86113.73114599999
Australia,AUS,7828227.742865001,12711411.72,13497637.56,14464783.479,15229300.9233,16106052.3525,16744130.0,17757571.257048,17959437.35,19301233.135015,19719576.24,20138924.451975003,20934810.9178,21283655.2846,22466932.2,23715905.283774,24288170.65488,24398213.263032004,24681473.224038,25008299.251946997
Austria,AUT,4435743.1448,4772140.82,5258855.676,5754579.331900001,6063874.135199999,6128170.7435,6286770.786800001,6607579.6981999995,6746521.7973,6836331.544724,6922189.413048,7254690.183299,7367081.714315999,7736192.447496,7733608.206111001,7792325.15824,7804877.558015999,8286727.317724001,8464447.436990999,8705736.954067
Azerbaijan,AZE,2268881.43445,673897.44403,1017484.2051,1247721.02,1496788.7199999997,2451544.582,4164992.72,4586541.0,5038314.928,6874264.73,7151309.25,7429992.57,7630608.984,7784686.07,7931937.257999999,8129693.512999999,8538780.365999999,8718465.0,8924745.28,9656268.517935334
Burundi,BDI,25518.5758336,41134.01041757,51723.28648371,57133.117999999995,68895.6597,80528.814,93764.44,107869.5558,122866.5416,131976.2367902,112575.8788615,220951.6,247267.92200000002,306166.16991500003,474377.84,747575.4959999999,1157363.2356872,1320482.377926,1501953.68675,12986145.379949998
Belgium,BEL,5612824.388200001,5849164.009400001,6537824.7796020005,7093759.822800001,7374598.2385289995,8048148.538413,8459311.179228,9008327.2504,8965515.5104,9169707.050714,9527832.958684,9589030.649683999,9803549.71463,9973704.408925999,10129774.840542,10371722.65092,10560868.851456,10750679.719965,10980308.45638,11154002.250249
Benin,BEN,96484.55018759999,107098.8180832,133689.022097,160276.0451,170726.621,213011.07520000002,306661.24919999996,418715.7816336,467894.565,524732.866,661800.24,1278644.6465500002,1696187.09,2251438.86,2352835.93,2608984.775,2891199.803814,4123539.2407230004,4645235.056601999,10995096.619933998
Burkina Faso,BFA,54041.958572350006,65468.996474219995,90943.59408556,111122.3025,140374.45560000002,177523.74579999998,388235.95199999993,499857.24,639672.8424360999,884770.45,1093767.66,1229925.3985,1380508.7184000001,1549774.3053000001,1737254.48,1943552.3617312,3350052.75799,3984218.3170200004,4484633.204006,14094207.968997333
Bangladesh,BGD,284428.12846816,349686.88381682,1464059.73,2663807.004,3736856.6,4677085.134000001,5631473.297,6911598.42,7753505.05,10378080.9483,18797826.551000003,20560430.091000002,29106959.692,34870021.605,41861914.368,50133568.72,60048719.784184,65248466.846596,70489863.656344,76307440.15872999
Bulgaria,BGR,1399066.7179999999,1529496.7084000001,2059116.8598,2538251.7032,2972298.9487,3349999.35,3418985.4176999996,3525727.7744,3791755.872,3854978.995725,4008592.0919520003,4066784.1149330004,4264255.15061,4486865.068647,4550959.469339999,4739820.32667,4865078.274374999,5176973.444502,5256656.338156001,5182392.738016
Bahrain,BHR,176764.109967,189351.972414,271262.15456,342031.98449999996,573266.172,624559.95,675698.65,920165.4,1063888.32,1127871.9,1189719.361422,1280953.710126,1395251.48,1439241.499596,1482719.6076769999,1479326.98834,1467360.44884,1504365.0,1524693.0,1577059.0
"Bahamas, The",BHS,74752.04,85973.5,90577.5,95400.18,112951.048,122920.028,158015.54,241623.85,269392.249058,272846.16,294063.6216,300569.88,310444.0,314730.91,325955.11,357943.7817749999,365950.40413100005,371665.881791,375322.38394599996,366240.94384
Bosnia and Herzegovina,BIH,640569.27903,873646.772631,1020791.444928,1120547.9808,1368218.7504,1464234.2556,1629404.28,1642189.080846,1653918.0728850001,1752035.727967,1779480.645733,1850752.5659999999,2092710.052695,2224940.32344,2374967.787,2340076.5487789996,2415512.7911819997,2455622.311134,2526842.16091,2655624.685356
Belarus,BLR,1229355.2963699999,1851929.8551524999,1555997.6879999998,1883507.741,2191436.55,2607107.1169,3015859.848,3751437.3714269996,4431510.7676,5115387.3987,5576163.957945,5887665.439104,6733959.488270001,7040930.887996,7468901.131715001,7798542.290136,7981204.177808001,8082867.265140001,8259797.194183,8399289.95725
Belize,BLZ,26625.424000000003,47554.27,69090.72,72840.6,80046.943,85031.00799999999,90309.09,100480.48599999999,103668.34,114786.672,135033.201,148198.8947,162569.806685,175713.204852,189352.548,205646.857,223148.571444,257053.178508,283338.77482,368647.0750965
Bermuda,BMU,38152.857495000004,41042.530881000006,43920.777497999996,46848.31306,52095.9,52917.8625,53662.8225,56299.18288,58108.352478,60586.022000000004,61496.072,62400.089503999996,62180.02,62541.67860000001,30028.049245499995,32301.850518,37675.960108,42343.53492800001,46501.792939499996,56825.256218999995
Bolivia,BOL,408662.9793704,489340.9039532,590408.5133163,1016948.31232,1231357.25,1682734.2,2280845.28,3104678.7,3716286.1938000005,3951496.6992,3753888.830208,4129060.4339400004,4438188.4395,4972593.407601,5096607.360847999,5540967.160728,7082701.436899001,7875959.75664,8850512.842974,10528883.94880925
Brazil,BRA,34842908.750391,38826425.408927,52595858.821104005,58224956.41599999,64401258.2666,75333756.7822,78739834.13849999,89225594.9646,95603039.5016,101303323.8096,109148437.62977001,117633304.30496,123703946.44465,138116075.486285,145170206.53452298,153335308.67791602,169730362.725534,169085922.67830598,169355129.25837,177676190.297874
Barbados,BRB,133114.40399999998,141070.65,149311.106,157889.616,167446.396,177357.581,179183.19299999997,183632.435,197179.85600000003,199363.47,200132.21200000003,200872.8,201869.75600000002,202563.633,203234.76400000002,204156.282,204728.52866799998,211214.115612,215141.27885399997,238826.548272421
Brunei Darussalam,BRN,104869.62111599998,130883.744224,153837.827169,165706.0564,173784.78,188626.48,207935.96,223657.84,244441.776167,265225.29,286598.975,300614.944,384807.6,410556.51492399996,415919.5,420546.0,425258.844212,431946.91322499997,450681.51048,390236.7884936866
Bhutan,BTN,20537.543971199997,25462.674601499995,30308.8453768,40175.5472,44955.9905,49758.9396,95421.95199999999,102150.288,111895.524,162461.152,222141.117,294765.964,347757.69,409603.905,482446.965,567341.854256,591755.7710480001,664064.4900979999,678148.060342,672101.5053028981
Botswana,BWA,59724.1874394,60026.9070635,80415.4242388,100911.4128,121873.125,122426.3895,121986.66,186618.15,337378.72,642204.6,798111.0516680001,822087.425033,879674.8768799999,938746.069086,1333501.78,1511803.121829,1596401.171864,1806815.391108,1886700.166624,2130681.1767888702
Central African Republic,CAF,9366.815212259999,11502.416867599999,13621.23104061,16771.8037032,45589.84,81522.846,89859.9,100430.46200000001,110660.352,116060.475,124825.914,134250.28,146123.553,191740.44,248811.50699999998,371305.6597948,430564.49141877325,540995.12103644,4367163.736804,4448857.366762763
Canada,CAN,21065559.54492,23105141.751199998,23581543.732000005,24074664.552,25500677.566,27004945.406999998,27306739.305999998,28501553.43,28812117.85,30099491.136,30870158.299200002,32134048.2,32918608.0148,33877796.15605,35085527.568,34576249.690855,35100432.874,35674619.203288004,36602712.64,34798387.692875125
Central Europe and the Baltics,CEB,31111841.85791493,36861883.94168835,43176157.436099164,47719989.73067836,53233518.493421495,57728271.261715576,61179257.93658988,61572687.332561895,64130769.698738985,65800181.63704122,68779424.2297139,69504538.01404008,73432724.42733468,75364922.45759761,77830547.44249137,80527918.17943327,83462056.01280217,85266425.67559654,86482283.43706127,87376134.22018746
Switzerland,CHE,5010165.75,5213417.614999999,5665338.038000001,5829462.324,6056958.6,6295734.602999999,6565098.651000001,6740809.22814,6813325.572000001,6984341.336399999,6847127.200277,7245365.479236001,7463549.706286,7580125.674240001,7816154.021999999,7987538.88408,8150101.926333001,8318882.384924,8496624.930048,8652060.802291999
Chile,CHL,4561247.405838001,5096780.587834,5695309.072709999,5985097.579,6280942.524,7069244.203600001,7731658.8,9066254.452736,9644275.009499999,10258463.48,10916809.5645,13829822.847000001,15263834.126505999,15279052.0527,16040319.159000002,16321461.202944,16941412.156032,17278100.12703,17730086.900684003,18502738.23132
China,CHN,94613475.0,111119445.27200001,137961256.64,210861600.0,299372030.0,384734140.0,458832815.0,515148404.99999994,572823724.19,624363919.9999999,657120940.0,694069580.0,738304280.0,758144745.0,830433920.0,902095665.705,988515060.8,1031774175.52,1067763875.775,1093056197.1699998
Cote d'Ivoire,CIV,166416.80789999999,208559.4429192,313318.183698,378550.044,408774.341,439958.8,607177.7550000001,666478.0,1032551.432,1580025.15,2452739.5,9704693.864799999,10709662.03359,11719883.551428001,10311835.715445,10230961.03601,10414361.604533998,11485516.258944,11675723.303266,24445789.70294825
Cameroon,CMR,162130.81098525002,239496.79274099998,356052.12697180005,528861.9528,631517.904,733976.6015999999,845726.838,1011615.2,1560714.675,2140237.6,3576989.590057,4165704.762,4831557.166,5598559.29003,7367495.751,9319723.064240001,10805669.483312,11451470.735648,12120534.710959,22526147.278234247
"Congo, Dem. Rep.",COD,111834.12766128,139908.55789512,179455.82027032,231167.6824,283318.9216,371907.4464,493653.8736,850191.7320000001,1230648.2805527998,1667366.69,2352097.26,3079350.1780000003,8479597.915,7506501.824202,10535574.348,15318853.810904002,19043263.723224,25947275.5044,27892934.083199997,85001321.55409937
"Congo, Rep.",COG,38418.84435,54093.754440599994,77054.7889791,109847.92671,176367.4527267,192654.855,223114.5,258144.544,289485.06015000003,320568.534,353785.068,388230.23968570004,424171.76265199995,462862.45149999997,2078825.493576,2288455.1661705,1427877.2429459998,1929200.881311,2187538.111776,5026985.374922499
Colombia,COL,3788192.9796599,4637262.885321001,6549538.034027999,9425311.532,11202254.848,13281462.3,16343721.435,18262661.585526,22391603.737999998,23860368.928000003,24478561.282149002,26258544.957000002,27578509.16388,29966361.031722,31437624.523760006,32443633.900964998,35337358.296141,37381903.731132,37663360.666016005,43039582.37966399
Comoros,COM,7707.8584032,11853.54,13304.566,15423.175,18879.21,22468.145,33396.636,36743.08,40729.43739,45252.48,49662.909400000004,54204.3730712,58881.7741512,64151.684157300006,476944.46988,128871.36636400002,169763.48170412713,223663.76157535063,604362.9495900001,707657.40812975
Cabo Verde,CPV,25496.875371000002,29466.321703499998,33413.2278648,41100.509318,70189.7,106289.61,152935.2,163663.04,177853.167,192084.375,206262.44759999998,218705.13101999997,257931.52431200002,293180.409553,305481.925,318453.49713599996,357050.32138599997,368759.257048,374744.17556099995,439653.641790875
Costa Rica,CRI,873292.817994,940455.668,1084656.34,1243990.4319999998,1433694.0824000002,1544778.2503,1662926.13,1807616.9356260002,2215368.65,2167541.1612,2526573.07,2879404.0499400003,3206397.7503919993,3516935.620609,3642989.7929459997,4059767.024378,4054147.96464,4187089.4701199997,4197436.2546999995,4346180.2667499995
Caribbean small states,CSS,410152.9557710013,483507.84730769956,573451.3826031012,670612.6224150006,793480.1352000008,939616.9895999996,1050271.8711999985,1167840.2239999988,1266858.272603999,1326513.5530000008,1435122.5290000006,1509141.0207259993,1582388.5862849993,1696665.03684,1852044.4011339531,2081809.2752379987,2276453.1614819993,2412025.1186770014,2528578.4397059996,2731566.739167
Cuba,CUB,944952.3567288001,1096754.2660524,1258641.0658,1319482.0968,1461154.0028,1618533.2327,1796288.031,1810206.5317829999,2396273.1,3155578.0431,3280797.3640499995,4206174.273315,4841813.584644001,6427954.308236,7037034.064102,7614664.048967999,7948522.377614,7523423.711080001,8097756.88796,9716724.979871
Cayman Islands,CYM,9577.884344799999,17795.535072,21463.24,25837.24,31202.11,33938.61,35705.34,38627.208354,39823.792,41879.670000000006,44578.56,47464.34,49849.0,52317.040195,48503.726812500005,51853.370244000005,55606.90982,55526.58762000001,58281.803554000006,65513.369607
Cyprus,CYP,344347.1125,339961.14310000004,377797.9694,437345.4978,461613.1006,552577.6951,597629.6984,651894.773307,707278.273903,774916.1044600001,833193.0098870001,874574.3958139999,938970.4822239999,1012741.7718000001,1072928.995632,1107355.382756,1182465.018693,1195583.0618550002,1192920.8337,1226903.2469119998
Czechia,CZE,3619970.855,3601495.8832000005,4907507.166499999,5348181.3804,6539184.509099999,6729027.9648,7208488.961999999,7398692.4312,7718069.425500001,7792169.036288001,7813144.008999001,7980076.292592001,8081257.509584,8339856.838096,8577097.564496,8630010.441030001,8701520.020762,8685184.747032,9022219.229318,9342435.141522
Germany,DEU,53412775.098000005,56664739.8562,59442847.0416,61831405.195199996,64045875.66,64702822.53,67057082.6,65239478.6841,66230665.240499996,67879405.72850001,69801813.1025,71549139.201678,69308921.961188,69757715.581884,72158788.385122,73233566.59389,74689189.910359,76066673.291868,76783926.05953,77014345.92
Djibouti,DJI,6454.64725308,8002.388820370001,10868.5451056,14167.3536,20175.788399999998,36461.08,60466.315,66399.06,90874.21800000001,125072.64799999999,170461.89,233651.677,319597.124,587350.236574,621691.56,646061.69478,690857.439552,718062.916672,739478.544912,1090409.8546986666
Dominica,DMA,20814.102204,26492.558023999998,27108.325492000004,27727.785015,28340.306399999998,28936.652800000003,32673.595500000003,33559.758,34420.763999999996,35554.65,40464.475,45766.5,46656.9018,47686.709711999996,52943.655704,49811.633720000005,51123.501891,55341.250212000006,55717.313541999996,64299.11892
Denmark,DNK,4373880.463900001,4484038.0368,4711396.188,4643860.7314,4670676.5742,4796255.698,4921904.3576,5002930.7132,5158784.3272,5313393.306804,5417369.174125,5474927.591315,5554325.28078,5597760.990119999,5638320.206112,5700831.451808001,5630168.079363999,5790311.791046999,5776717.9112370005,5874137.519712
Dominican Republic,DOM,807198.7527060001,1059329.104288,1386689.275167,1669869.2028,1993125.666,2687527.458,3083534.95,3779335.98,4261797.9352,4678969.347,5114438.7824,5657326.020982,6739293.30387,7207713.8172160005,8067347.69566,8684240.847665,8984677.2359,9481984.64668,9476852.732688,10374576.740952464
Algeria,DZA,1512151.3890127998,1934884.6460106,2480063.0778588,3231306.6660504,3544366.6298,3985576.9735000003,4523529.5,5498603.024,6851602.211999999,8643188.475,11565484.145,15287460.078000002,17543546.387055002,19882085.275389,20843831.588475,25534084.161696002,26713025.622594,29647782.489244003,32399547.200048,38934248.78335109
East Asia & Pacific (excluding high income),EAP,129344328.28713495,157567480.8001178,194269952.42806587,276874699.0625934,373361332.3675668,464106653.2000651,570312963.3606846,642916362.2637773,715694332.3028525,773736574.1107359,839596143.1906453,904976837.6448442,986305151.3367321,1044505505.6032686,1173607400.1048632,1281211149.692065,1411229382.9176311,1507139167.1446264,1596857974.9427857,1648463039.8027549
Early-demographic dividend,EAR,113325763.03543931,133707605.96591392,160076760.4407879,206590577.84987816,242948518.00784877,281311897.65753824,378504305.5550858,460775399.3700716,520638975.8066191,586476106.4837554,673247979.7337505,775566315.3873241,875693202.7356604,978794549.3502688,1089252798.165938,1331951262.7366483,1633228894.2201052,1781364362.517234,2610701489.417189,2740747902.2359605
East Asia & Pacific,EAS,267977440.44635314,313782239.37899995,359165052.64599997,450745679.90400004,552418526.814,648748867.385,757397924.73,832098312.8479999,908628882.772,981642220.1659999,1039395421.61,1111307781.927,1197928321.986,1255409829.76,1382722455.425,1505533955.42,1634912690.58,1729105134.8479998,1799014111.7759998,1883726252.69
Europe & Central Asia (excluding high income),ECA,18821542.04408439,20866276.167950064,26159638.33845348,36826553.13636813,46745897.92099722,57027129.742971174,69334786.15895447,81005050.08921821,92267192.3218697,101890154.10895136,115723428.84297554,124682425.9668219,136298272.2206655,147869953.136929,168070585.80695787,182804230.61847457,187884481.78153315,198472751.80485657,205327705.49612245,210653118.86399996
Europe & Central Asia,ECS,281490029.73565084,303752252.01350003,333606199.0,383827546.106,425127147.263,467597107.55300003,507555788.64,537201885.773,572473521.495,596722101.105,622175093.288,634104361.4089999,659793068.6954999,681679661.748,718315653.3025,741017857.734,771523846.9470001,795565229.28,813413709.0255,833397848.365
Ecuador,ECU,657904.4846244,829975.0102438,1014201.432,1547507.4840000002,2740137.9760000003,3647184.6840000004,4376764.5585,4807346.970636,5471305.934094,6366968.894248,7310477.172096001,7960755.579899999,8923156.792430999,9351811.602,9803489.525,10265292.432,12405067.955,12414373.527142,12426482.334357,13070495.476269
"Egypt, Arab Rep.",EGY,9473711.205599999,10340378.01,11296875.049800001,13509478.8675,15464248.498900002,17500327.2,19266351.552,23319823.104000002,24594504.264000002,28028064.582,33056947.158683997,37667117.160348,41926461.715309,46611585.01361401,49590582.834842004,61609567.943982,78613096.903608,79951181.68448,81308236.75325,93521137.12400423
Euro area,EMU,156665407.14616802,170014166.7002298,183373768.12630248,205973821.47018006,218691092.29856,227574747.304052,241329230.78118438,243898986.41346005,251721443.9002209,258610807.89248475,263794242.45242622,265987176.54517964,268588342.7196419,274608792.32925844,286952432.31200576,288760580.86653996,295591087.155425,302659824.09226686,311296223.523904,316838037.2447744
Eritrea,ERI,1184801.4516092138,1315014.4087589215,1420266.2221422729,11247.2102,13236.7369,15594.579000000002,17965.6346,20989.395,24295.904,27669.24,30642.2127,33655.7336658,36781.4450976,78758.675,169216.28,362901.72799999994,783329.0805419999,840865.781353,906715.154074,3228434.0363741904
Spain,ESP,18889925.989499997,20901130.614,22362929.580299996,24924491.1333,27388647.176,28930478.304,30647598.226,31359675.4173,32652269.6955,33396269.235750005,35412250.126694,36547252.521472,37448164.640006006,39418902.707192,40296235.632288,42760111.373519,44147442.936680004,44522245.17115,45125449.941585,46145952.78696
Estonia,EST,724876.6,832509.2375,855359.031,887396.0920000001,943718.122,967523.375,986622.9749999999,1015490.835,1036860.0717039999,1054454.273871,1107392.4261750001,1162947.382479,1147897.82758,1160648.2386,1181278.98789,1197245.469522,1184049.691326,1210877.940804,1234461.06568,1276879.084524
Ethiopia,ETH,118174.5279401,172141.984602,250659.3906957,307481.9029,384946.506,475241.2344000001,679038.855,1024649.6700000002,2778164.2430000002,4528182.546,7785901.97,14390999.28852,16399273.236378,17107971.036,17913600.167999998,18517981.28,19109594.059016,20394823.562828,24297092.519147,117976827.67575508
European Union,EUU,191998944.04440802,210597720.6563707,230007627.92770112,255746984.28286964,274124038.6132866,286981290.4309535,303522615.83394426,306958447.95922035,317125896.6576866,325646057.3825281,333484714.06586885,336373222.9230113,342676671.2507446,351214289.1309213,365413560.80488414,370184895.6511588,379474578.63025314,388316276.78040534,398153596.7224411,404662410.765304
Fragile and conflict affected situations,FCS,9920632.19251526,16160696.011,22313458.132000003,31687447.941999998,40007524.509,51845311.406,65039164.853999995,78025365.21599999,95780363.26,114331889.37,136212673.428,158893085.73,182522805.2,209928124.35,241273116.29299998,272950753.32,317944506.198,346355646.52,381004030.774,416104286.862
Finland,FIN,3784673.7108,3907292.3008000003,4195109.0888,4272228.016,4445720.943299999,4404034.687899999,4660216.552800001,4779936.0912,4866077.134799999,4977442.591968,4725868.179648,4735525.760350999,4819578.561907999,4817974.195446,4902750.1725,4947767.574844,5096596.371729,5142512.598377,5166556.296128,5221732.948629
Fiji,FJI,64816.226960399996,74593.1440956,85475.39614599998,97843.93569600002,117441.87,154230.63,182083.8,255636.92,308715.29123200005,322555.90400000004,343176.79,390395.65,454251.8372,604359.6702,631937.02,706180.3464329999,759663.5851210001,750786.309,783530.508978,833349.1399675
France,FRA,24550020.702,27085632.1098,29819791.6954,42308762.601,45500331.988800004,46316866.8888,50252255.8608,50848233.905999996,53471597.4896,54065373.898536,55537085.545237,51911645.05632,52892063.792592004,53870679.050500005,55098857.766336,56156007.491216995,57262466.64104,58409607.344505005,58082123.44499499,59298395.361268
Faroe Islands,FRO,32191.617024000003,32837.018334,33524.86599,36757.604400000004,36686.967899999996,36681.073800000006,36590.064,39189.831846,41209.221432,43421.4,45183.32399999999,46064.742,47044.567368,48968.599239999996,30252.829568,31423.9488075,32617.598093499997,33604.524472499994,33956.498591999996,46770.595927200004
"Micronesia, Fed. Sts.",FSM,12331.784575,13237.305368,14118.279686999998,14966.86468,15784.826400000002,16571.3995,21508.0,24555.144,28023.78016,30057.638000000003,32139.414,34246.735876,36378.912150000004,38651.281721,40226.694,41907.16,43682.381027999996,44610.30835199999,45454.82747599999,95572.772176
Gabon,GAB,42350.7272363,71612.615437,82795.634604,89748.18779000001,120538.125,157847.82,223584.27,320757.3,443253.36,584209.95742,753200.240088,934456.608705,1009245.340038,1085354.2369,1318541.528,1557585.20463,1678624.3524060003,1738367.7449080003,1791341.4323969998,2083870.2826812002
United Kingdom,GBR,39358064.4705,42280844.2,41874781.524,46047037.4667,48450503.3805,52038051.212,53351410.25,54010371.97799999,55724948.081999995,57615469.722393,59184297.073634,59907116.828657,62183912.158494,59733459.015314,60274215.180479996,61834697.305282004,63605218.616588004,63848642.522572,64632752.892,56644816.44
Georgia,GEO,152625.072548,237249.0418674,292069.0622736,318849.05079999997,385229.74490000005,765553.8933,1018620.955,1184030.2031999999,1377446.0556,1609750.2439999997,1826325.25935,1772106.3426480002,2179073.330465,2225823.42822,2337213.275271,2561208.083187,2700145.4782559997,2834961.6164700002,2922158.5867259996,3042393.530686
Ghana,GHA,375434.940064,411094.108656,627439.7887236001,910227.7415,1035472.6941999999,1352528.9216,1987049.61,2348557.92,2833832.4080000003,4107928.95,5327902.48,6600095.64,8219887.76,11368424.846068,13174161.55,6899849.447740001,19935492.879384,22307804.19,23151533.50256,27842998.107528005
Guinea,GIN,46112.87180594,50135.95892376,60186.70983131999,75368.20737025,91069.604,95349.2196,103960.86,213136.2,338569.011,503634.285,734267.136,1082570.44,1581566.93,2316118.233,2773452.1641999995,3045644.3893979997,3930245.303922,4292898.72543,4767924.12451,11945907.204616
"Gambia, The",GMB,53633.00096,63330.73563,89840.7871475,109566.98300960001,125068.2176,142789.4986,177249.96,215643.272152,254348.858248,294534.8,336800.5568,391517.10400000005,454470.03099999996,526992.525,679095.8560000001,874636.464,1127382.976489,1279365.0624600002,1428700.45653,2251276.1128400005
Guinea-Bissau,GNB,24401.9884282,26269.0427145,29115.613315999995,32013.104118000003,35042.034840600005,35156.7361656,38375.501500000006,42967.790720000005,47791.8428383,52575.163,57805.2504,108973.877,252801.23400000003,277806.656,301780.376,450997.890896,567105.7479300001,587587.044877,664652.33943,1808119.9981979998
Equatorial Guinea,GNQ,7594.6695381,10892.731029300001,12668.368621700001,16132.4483328,19738.446,24189.834899999998,71345.1,142811.025,180352.921656,220779.75199999998,264007.5608,309976.3836,358646.6308,409972.7104,710727.822024,820619.7566489999,944079.714084,1065097.937382,1205116.1441849999,1560979.3697079998
Greece,GRC,2346591.2022,2636955.36,3554066.745,3964192.1124,4231735.262,4709375.208000001,4937875.404,5735680.333500001,6082487.5577,6564466.112893001,6884800.162149,7232137.15305,7444892.068509,7516767.79347,7753262.230688,8113149.7583840005,8357296.197641999,8296225.050201,8680427.817574,8845811.169976
Grenada,GRD,21395.167038,22482.082452,23564.4846,24635.353799999997,25705.692799999997,26756.587000000003,30128.22,33623.7,36088.0,39720.45,58892.112,60204.9,61364.29,62567.39600000001,71034.27399999999,80736.925682,85240.258516,82983.13795199999,93408.22591499999,101109.395385
Greenland,GRL,31926.50189,32853.43079,33702.011558,34538.1385,35385.2496,35387.7409,35850.15,36409.6,36867.4176,37165.814,37548.765,37933.288455999995,38487.915674,39029.7099,28823.8335,32051.960850000003,34040.003116500004,34546.149605,38047.804839000004,49874.47182
Guatemala,GTM,653177.502,745994.853,868884.835,996598.92,1156619.442,1322051.823,1522511.76,1819431.4980000001,2414343.52,3031305.389,3669523.65,4600804.316837001,5614235.194680001,6279028.302999999,6990959.275,7594259.57003,8246864.325975001,8947435.238400001,9710012.546711,16141092.605738
Guam,GUM,59236.64457999999,63378.979634999996,72284.209246,76271.546835,80226.396591,84153.33065999999,89988.48879999999,96095.311,102350.45020199999,108541.76400000001,114632.15219999998,120611.51699999999,126475.8333,131618.44195,75320.377,85354.52904000001,97824.732344,107990.74118000001,115395.24353999998,150527.085204
Guyana,GUY,28209.466,43372.098,67547.974,104446.81800000001,137338.292,179750.466,224027.544,223845.9,227617.84,232506.51,241353.28,257985.54,272281.21679999994,328140.533,404485.11600000004,493483.315,590602.1006530001,661124.3051120001,700990.2878309999,758192.925501
High income,HIC,628615720.3202018,679589064.651,719819048.947,797439394.025,839611628.2939999,875015330.2080001,913219242.81,936965956.83,986420239.758,1011274226.8640001,1041393150.49,1065540001.662,1129323676.8,1158943159.842,1191587449.8240001,1211834289.852,1250572351.5,1266429551.046,1281593643.48,1303833392.603
"Hong Kong SAR, China",HKG,3825887.2165000006,3876710.8,4169116.8,4481762.4,4640852.6,4839123.2,5057424.0,5105695.2,5212422.9,5326743.8,5773934.1585,6193842.689200001,6418013.6603999995,6610696.3188,6745154.4924,6888002.7286,6913424.011,6900647.223199999,7023870.669600001,6830366.843300001
Honduras,HND,408743.664,486093.075,597232.8960000001,736471.012,769208.3520000001,802610.1020000001,927775.8702,1357952.6970000002,1579171.7712,1582291.4840000002,2084518.06,2506958.3904750003,2779306.39116,3042871.982046,3519391.44921,3916637.9405719996,4578965.06612,5348688.354477,6248344.20672,9385628.995806001
Heavily indebted poor countries (HIPC),HPC,4837318.151704911,6511114.4962193975,8519288.323956268,13230454.6983428,13256094.283488752,16767567.60986467,21431262.36678209,25961171.490052253,33328764.61147038,41613432.60415576,56105071.86700886,82384092.96145709,105440335.10225774,123621502.79928175,148653964.40617573,164310792.29137325,206161359.61925274,240785057.15339768,276476723.445771,786183866.628986
Croatia,HRV,1330551.86,1428382.053,1637378.1882,1786153.9248,1906613.492,2177560.5497999997,2429063.9685,2473771.4538,2638871.9392,2826041.3208720004,2880947.515042,2899772.32625,2985581.423591,2711630.523534,3003332.18115,3123169.7132200003,3065641.367054,3151827.2217400004,3164386.258956,3212848.9426320004
Haiti,HTI,481266.47131379996,577764.8890259999,626357.5535200001,674877.312,724338.8239999999,784856.061,820535.7077999999,892341.36,986837.5580000001,1083570.372,1182548.79,1494300.364,2433092.196,2942429.088,3559873.5864319997,4360109.0970600005,4092170.1406055004,4429834.603799072,9847914.995632,10164760.926187001
Hungary,HUN,2803722.3003999996,3930929.2305,4739586.722,5359730.74,6123294.68,6214043.0,6500014.95,6782768.705399999,7001791.499600001,7186720.594997999,7464298.768975999,7169139.914716,7778535.745662,7512312.844830001,7436701.659615999,7853232.131097001,8265318.309087999,8606925.061528,8597267.700356,8772063.689186001
IBRD only,IBD,308329539.07274026,366625146.615,451435667.83,593685321.9,743206016.394,909017632.089,1109178736.75,1282181575.246,1432156069.676,1557927761.84,1685637279.508,1833428780.12,1987955362.935,2140054086.3969998,2341277089.117,2645760785.304,3064242760.4839997,3252611050.26,3386012916.774,3575758518.972
IDA & IBRD total,IBT,330190218.1005856,395458634.124,490004799.85600007,643359675.165,806529292.887,979861054.4449998,1198835698.728,1387915463.2745001,1558061334.1020002,1707658227.99,1872965207.043,2060267224.428,2264363249.478,2466710298.3374996,2731304723.2655,3092988004.288,3587137100.233,3844735735.34,4056747708.0255003,4328001958.495
IDA total,IDA,21438300.597632855,28124775.459000003,36663460.596,48291781.41,57700939.506000005,68923639.02200001,84955907.465,100202512.854,119041778.68200001,143080345.062,180664988.4425,222982170.71150002,270366803.9325,319777817.2145,379858990.437,442532781.28400004,516782177.76949996,588435203.44,664483999.862,745395760.4290001
IDA blend,IDB,14902706.00473577,19217901.915,24081620.805,28315095.984,32302300.94,37415397.77,45191903.19900001,52788258.958000004,61651084.616,73911407.96599999,87139949.58399999,98099776.23400001,108837430.205,119980919.52600001,135004618.9,155829266.46,173879733.969,201763228.973,236791849.377,262790548.77
Indonesia,IDN,5926753.861282101,8316043.00733,11147351.7096612,13717066.887129901,19014453.9384444,16830825.9376,26896541.162399996,30634919.9296,36691825.83,38224358.5698,44379870.26536801,57759982.909123,67340797.568132,86448680.63756399,107723204.338916,129951820.73518601,147648408.98149002,171879205.02538502,185379361.883534,194607146.329628
IDA only,IDX,6444970.385306346,8513343.975,13073424.84,20515825.3035,25546372.628,31721736.431999996,40067840.064,47802632.2025,57846001.99599999,70241686.809,94608945.6585,124277466.0465,160744638.974,199968967.35,245503179.39600003,287339328.14599997,344097493.5185,386068574.02900004,427044320.1675,483798056.78
India,IND,22448782.684998203,27574478.842785403,32905117.25895,47031702.8295,52907376.22319999,62746867.353599995,93261117.3,127005352.86780001,141932869.722,159387029.85300002,177157420.785,197875650.20200002,221750808.84,247457646.8,276049410.61903197,410090364.16332,608811820.98553,892051533.51888,925744668.5914301,647188430.1068125
Ireland,IRL,1505589.9138,1730940.2153999999,2342782.5862000003,2690318.145186,2933468.0496000005,3055935.675,3185268.2675,3430024.9076,3537960.7836,3618029.6722319997,3888826.30758,3925889.593236,3970704.725,4043686.34232,4234569.787316,4292880.73434,4586546.4546179995,4754125.38784,4937918.458500001,2760373.5750857145
"Iran, Islamic Rep.",IRN,5262198.0684,5818104.855,6429204.637200001,7064870.7656000005,9076807.320799999,10551179.85,12309913.877999999,14892883.62,18040932.834000003,24084198.457,32073988.78112,37455487.7627,44610566.973104,54454534.33176,60455351.303988,63069702.440832004,66292518.151657,69522209.982016,73156528.10382,53469932.51023399
Iraq,IRQ,248200.902,255667.032,272527.6636116,264041.9451,289710.36,318616.98360000004,776134.15,1608071.2,2389493.7819999997,3245942.9879999994,4256364.020727,5709201.32,7655455.772999999,19416917.4408,13650046.535999998,18258965.293973003,22607266.998689998,27997234.716642004,34690398.642955996,29756032.674641144
Iceland,ISL,244991.67119999998,258158.58,271915.2682,282278.796,288846.74,296204.07,297018.4899,302488.11775800004,308560.222168,312583.78155200003,321355.54988,324860.33,329535.2736,337408.3568,349232.58931,358777.85258700006,364750.884864,371354.0124,381454.825695,287222.87787285715
Israel,ISR,1550443.345,1745969.394,1966649.1506999999,3455645.7081,4340696.32,4724910.72,5145930.0,5348609.326200001,5600634.0,5661822.9285,6163237.394599999,6482183.332099999,6807153.925999999,7108414.699599999,7437852.689599999,7857776.465999999,8305320.8223,8462083.6866,8778640.21,7807604.858399999
Italy,ITA,19174602.6948,20289319.4,22088897.6221,23836986.649,26195543.314300004,28856266.7295,31820117.4456,32296482.311100002,33241024.0011,35212344.363164,33822165.6589,35309792.794694,37179388.756014,38184921.546057,44946055.45472,40526599.562067,41894523.105734,44268453.370779,50197438.245868996,51340723.43605
Jamaica,JAM,267222.5,343944.44800000003,442958.752,572611.8,643249.8600000001,665089.785,760528.7656,1033490.3066840001,936804.0970000001,1032747.877,1128750.027223,1183263.485208,1246672.178135,1550700.365844,1923715.0680650002,2000033.40911,2162231.67776,2337134.758974,2416636.78564,2512940.1203835
Jordan,JOR,685771.845807,779800.4571230001,891289.963941,1365445.4,1607669.18,1856855.78,1984795.696,2610667.976,2807236.99,3308608.9259999995,4061770.02,5175152.0638,5618575.070499999,6601075.77,6821423.512,7479362.791676999,8520272.762583999,9517066.16,10186918.015,10289932.4287095
Japan,JPN,79715070.57900001,85507097.10299999,87816903.46199998,95104743.0,96559502.0,99876660.0,100163547.0,101057227.65300001,101460460.35599999,112431214.33,113411570.768,115772051.78,118412847.85199998,116466971.58,112540197.30399999,117427287.43200001,113912042.895,104207761.70161301,106260394.908426,113827922.8598625
Kazakhstan,KAZ,420091.02912009996,472929.31800070003,526329.0226292,653540.0027999999,1806917.75,3024811.972,5320431.96,8635397.012,10713621.816996,11114003.139084,11758748.1,12808998.818531,13696986.8772,14255055.349577,14938659.979353,15728322.60468,16743437.884842,17951673.59172,18491323.034121,18882295.64364
Kenya,KEN,1049571.7259614998,1110371.137196,1328544.288,1673599.3560000001,2038730.252,2464942.351,2995096.8240000005,3762744.568,4608271.815,5848282.83,7598487.6,7810997.604354,7991188.042,8770534.942586001,9790385.865,11607066.446976,14400183.066516,20354149.009194,22142436.675157,51816537.1115425
Kyrgyz Republic,KGZ,259849.77462875002,543822.119651,642219.946737,739154.34535,835040.453,862342.88,891130.6170000001,970652.6375,1119111.048,1328744.5,1671354.8425,1826929.537685,2501011.6875,3203801.314,4046881.2979999995,4224325.250999999,4843148.76,5113918.022976,5564153.5208085,6701525.0225
Cambodia,KHM,39792.072474470006,42645.54457044,63879.34236996001,67824.673,71672.7429,75667.09300000001,182709.14760000003,456400.104,738287.199,910212.48,2155548.08,1005073.4210068999,5136070.379954999,5288187.608116,7794389.370504,8620694.388936,8973350.604791999,9437781.47722,9759019.673471998,16578342.6633
Kiribati,KIR,3362.975,3921.4,4500.765,6124.08,7295.54,9550.0899,9859.452800000001,11064.7,12066.936912,13091.37,14127.435,17405.435,23007.716732,30441.1214,40271.11657600001,53275.744557,65645.247915,69386.998238,71003.056366,127100.90855
St. Kitts and Nevis,KNA,11457.265755,15788.58,17929.065,20317.11,23042.82,26132.212000000003,29512.98,29631.952,30101.12,30406.574,30796.206000000002,31171.593999999997,31540.25,31899.9,32247.487999999998,32584.688000000002,32938.033110000004,32326.981322000003,35712.533675,45196.165905
"Korea, Rep.",KOR,34955991.313,35415652.335,37830306.052,38362706.744,39734313.48,40235193.35999999,41476791.744,41826478.559058,42203016.4171,42748572.596099995,44432150.727312,45860549.79996099,47552144.83929,48829460.616234,49533468.658282004,49775810.479472,50024614.283189,50512212.206307,50209511.881334,50376364.92504
Kuwait,KWT,494610.91372,579911.893668,680835.0074959999,872744.676,1113596.82,1420105.872,1807230.4079999998,2060423.5724739998,2350993.2905,2647019.0823999997,2885044.412,3144350.68,3427506.1759999995,4071715.76,4306169.05782,4422001.288931999,4360924.212753001,4347782.405,4582464.798348,4841155.40766
Latin America & Caribbean (excluding high income),LAC,69672215.25403374,81012315.64897428,103269787.03802456,119128690.73612821,133876918.07762936,158450150.97411954,179388493.20390242,206217931.0018207,227476405.25236645,245919747.6693123,262591669.74932808,296667016.6563676,316808439.8226649,336225885.8043096,359188944.7225678,394218096.2918184,428278003.3522669,442138211.73522025,457946881.21302927,495014992.8398011
Lao PDR,LAO,20896.76211684,49911.89969711,69762.88048,99322.2704,218288.3995,374498.52,443393.58,578393.1,700640.198506,826423.125,955872.3271999999,1237899.39,1510954.9974,1790357.372288,2587480.3349999995,3404026.6764279995,3967127.82,4620980.28,5000645.962836,6348944.792255206
Lebanon,LBN,413935.11,473649.7428,712670.4,907787.7131999999,1109682.2562,1504675.3018,2202034.5984,2649930.4,3206881.5035159998,4049122.38,4633302.7,4789627.06,4812480.966,4816037.351424,4841152.271000001,4884842.742,5010166.799586,5024090.660372,5173038.723258,4761072.002039199
Liberia,LBR,978.990091904,232024.87828425,336879.27213175,20230.2978185,20251.3159,78860.56,93354.47,105529.45,113699.118,143047.64800000002,246928.2513,465943.1,746630.4559999999,790374.775,934553.2139999999,1184396.827546,1413625.433297,1462807.061928,1618839.1498500002,4509681.95871197
Libya,LBY,202668.18498120003,229535.40216420003,257211.8652155,288248.8236,561188.7,687602.0880000001,909697.46,888048.42,939257.8559999999,1040263.62,1141479.9552000002,2197957.0935,2566632.762,2786481.3950000005,3023857.7825000007,3335891.100129,6170036.355846,6017649.62115,6387873.5092050005,5971073.067017156
St. Lucia,LCA,35139.262528,35683.5942,40826.555,46804.482,50642.4,52659.39,55544.45,58412.34,79157.02755,85644.286,92641.416,100220.565,108373.58200000001,117091.088,122849.79800000001,128804.225,135142.37649999998,134109.29684,132630.293879,145877.17854134177
Latin America & Caribbean,LCN,78942920.69794643,92150049.48,116282663.793,134697823.065,152350814.245,180230319.99,203949099.055,233470334.121,258169316.37,279663325.177,298433238.646,336011944.161,359181814.95,392695238.005,415099526.485,435780295.0,478313734.93799996,493418201.0,506809302.296,532665415.44
Least developed countries: UN classification,LDC,3967492.845297318,5691003.67022305,8289812.769128208,14377058.924899627,15505489.76672604,20121070.052939795,26660986.643631116,33173261.820634812,41991829.99828771,53528753.7278586,81326919.25599062,101535360.65310389,138432923.46959484,164223125.58217528,196922127.0797875,243123111.02421966,274480946.8679934,313739831.38952714,348565493.125923,627550522.0725
Low income,LIC,2538936.5282615866,3601245.336,5101189.401000001,10028582.844,12285159.5,15673135.682,19242002.07,22461966.408000004,26923131.144,32121018.081,40431046.39,52703610.778000005,62610350.028000005,75571397.0,89906067.3,115625714.05,127757419.87200001,150814484.496,169897190.571,199582393.045
Liechtenstein,LIE,22048.629078,22023.462642000002,22498.729254,22948.580124000004,24831.1,26806.5,28817.6,30865.2,32774.180589,34690.992,35463.820799999994,36234.651527999995,36997.095324,37789.880291999994,8089.028999999999,35919.930543,36703.054599,37446.002308,38231.040678,14292.866666666667
Sri Lanka,LKA,290498.908468,362290.2183419999,516456.6758127,795110.7459999999,7880422.396000001,8562029.4375,9406029.5945,10210397.328000002,10903085.894133,11218825.0,2181690.0,3200022.0,4706277.1,5382444.0,6132610.0,6976960.0,7931324.392999999,9849028.836000001,11114167.126999998,9835847.666666666
Lower middle income,LMC,67164258.61237845,84082207.05,104608674.06,135531846.54799998,157611602.11200002,187906188.15,257434618.408,316269740.17899996,358443657.816,407097662.2879999,468091477.502,533326820.48950005,611461017.227,691610457.1455001,788070598.0875,986294759.8340001,1287416174.961,1405948240.476,1511478247.1005,1644601868.52
Low & middle income,LMY,285898969.7454463,342972329.3176291,428020149.04786706,565387213.1569558,713471715.3159752,870136093.9148616,1077658668.8041513,1248777732.4165473,1402704683.3290198,1546644869.456723,1713037776.4775999,1900238202.7730973,2090107968.9400253,2275053932.9579134,2539954437.61412,2908778120.6350703,3366445243.131822,3634392186.970703,4075538855.390753,4147963247.1546307
Lesotho,LSO,42882.305620800005,50394.24348999999,57957.236717299995,67298.4816524,70402.1678,73688.84760000001,77055.2886,140980.63,203435.4,308475.6,457619.58,526152.75,691405.025458,841272.9,890910.0239999999,934615.8748849999,903618.253044,988196.607694,1075312.98848,1656595.836867193
Late-demographic dividend,LTE,218152714.11062768,259597639.86722434,321642243.2312263,427126897.96173114,553896224.1010835,686569621.7719268,798273402.5124403,895390338.8002504,995183641.8643347,1067963166.6369491,1138012635.6720414,1204380831.8874662,1290211499.2604117,1350995369.8187478,1466588262.5243385,1574115456.0237885,1705466187.4966624,1777162253.6403074,1832364569.8968854,1880001460.3725147
Lithuania,LTU,1054660.5225,1203419.6416,1435490.051,1612415.706,1766063.1582,1890158.6016,1924031.5784,1927092.386,2008679.7879,2024623.893481,2115218.949945,2073469.56471,2133292.697946,2195273.473659,2233462.919718,2279510.053203,2321305.711175,2434783.346895,2484032.6596379997,2541436.0009649997
Luxembourg,LUX,301792.986,325610.6,342709.0887,378810.4756,401816.895,434614.3373,459400.8086,466667.285753,488204.31605399994,509543.9904,526668.309938,548965.538268,571169.333138,580610.61968,590084.17335,602148.691206,620708.025724,631492.902976,641621.44926,662084.20997
Latvia,LVA,873112.4675999999,1029847.54,1189704.8591,1301932.3025,1380639.8801999998,1431491.5596,1435147.131,1436647.0275,1487492.018481,1514202.8945679998,1511807.133102,1566213.249162,1564535.4910769998,1556014.5049679996,1610678.068328,1648480.14881,1689461.15202,1718270.4440399997,1710804.2242830002,1730777.119155
"Macao SAR, China",MAC,143158.20270000002,165075.83150000003,231489.6,246526.343,266240.68,288900.0,296413.26,330879.5352,348179.49,389470.2,433827.8553,498891.0429,532720.575,539300.8644,552119.3249,581064.288,599466.6042000001,603794.7825000001,608123.2872,611722.3416
Morocco,MAR,3476916.3764220006,4579343.873536,6083831.144736,6705090.62,10461839.877,13228711.314,16882848.32,15175171.5121,18484173.707801,18921039.76,19419627.02588,19754011.2304,20408588.675384,21892471.519824,23225562.23064,30460752.241192,30774782.106432,32568060.597926002,33558828.536000006,33205294.964925002
Monaco,MCO,16958.008914000002,17865.212079999998,19707.36132,20495.928349,21409.71,22687.164,24872.25,27258.638,30198.57,32150.429,33382.272000000004,34317.548181,35489.808632,36567.62934,21958.371003,31759.926272999997,37506.22745,37901.937952,38299.383456,33493.901328
Moldova,MDA,307829.868762,422667.172455,565263.011202,587794.1455,671020.0387,787933.575,849546.6672,917426.1693000001,991102.266,1070618.5152,1914736.05,1956824.82,1990262.06,1374839.311,1361723.1090000002,1538869.10352,1534048.8348899998,1569807.705323,1606577.790246,2062303.595253
Madagascar,MDG,97750.55939231999,108773.87177453999,119875.53224767999,132070.7895,345243.36,351220.664,377116.78,433623.7,539636.074,723278.7,916280.876,1061302.9134694,1230262.9974432,1714456.0,2392058.562,3338768.3119560005,4580336.744976,5383379.331978999,6263288.256797,25530563.573207997
Maldives,MDV,19857.841972500002,21050.4772269,34637.851764,52890.077000000005,77991.44,86372.2,95718.1176,127049.16,150588.634218,176430.87,203830.45760000002,233181.23148000002,263768.26,297886.55,335427.191,377843.74250700005,397164.291404,439940.24882200005,439787.302614,419583.83581799996
Middle East & North Africa,MEA,29284109.685789112,34922538.336,43045422.37,56374452.495,71781664.05600001,84692032.92199999,98929076.47199999,112856906.966,129494440.296,149518505.312,173030533.515,195412021.11900002,217953119.39,252039302.78,271147546.53,300552513.962,336669409.80399996,354361053.0239999,376043042.525,394957925.943
Mexico,MEX,14719572.470999999,18210159.838400003,20935915.6032,22635944.316,23962257.9248,29500726.5114,35280219.3975,42843270.777552,46435237.68,51432116.8258,53167082.734677,69533036.05886,72788943.390804,65441271.42812599,70582966.35775599,87571405.389222,90648897.302708,96535826.64721999,101131323.385674,105326888.02848801
Marshall Islands,MHL,1864.3620598,2013.2780219999997,1973.4031527999998,2055.3825,2393.3799999999997,2913.064,3643.08,5190.7,6427.375,7095.34,8365.728000000001,9409.8112,14211.461502,18007.281348,22553.679808171943,26042.505020742752,30418.971328000003,29882.569359000005,29345.902325999996,32354.4070882
Middle income,MIC,282936860.3719639,338381388.96042424,418944803.2069775,554287148.9833267,698561903.2030993,850504809.2473555,1050918936.4544694,1219618823.3435297,1367306376.480621,1507588186.8134677,1657465050.6639292,1831161337.7343256,2014424797.6372068,2189974257.75012,2424571678.9393153,2779155573.1324186,3233577666.286892,3462074080.0651674,3931818962.9933057,5040221850.939527
North Macedonia,MKD,492755.8584,530409.785,570764.9394,719804.6789999999,907675.3772,1014061.4414,1010128.662,1098504.6660000002,1108680.234679,1254379.9183999998,1305060.530845,1345972.05886,1375534.458784,1414818.439376,1495520.117578,1527519.3057979997,1510987.02282,1525138.9747479998,1542858.3444480002,1601579.5368528
Mali,MLI,56709.8466338,68649.46963761,102075.83148153,117107.9775,234570.27740000002,277839.702,318903.96,362319.07800000004,474796.924,611086.525,1261418.69,1920659.1726,2686780.46,3744659.079,4374594.42,4700592.907955,6145949.282948,6820517.02046,7626153.55392,21337317.1242808
Malta,MLT,138918.98159999997,166541.1416,163784.96279999998,190753.55599999998,205017.0032,242783.96219999998,261140.04,283144.66106400004,286458.675972,293550.046446,317723.17067799997,338062.25879999995,355519.65235600004,379134.88188099995,395739.1654,432377.326732,447611.191216,453562.40212800005,486548.35846599995,508060.168785
Myanmar,MMR,11455.315316728,30948.267503985,86991.88256479999,104492.94336503999,106459.7446,107053.0098,122560.955,484314.23600000003,697724.244,904727.844,3750440.916,5568707.103999999,8239311.36,12258155.199917998,17626410.777388,25340028.501801,22242705.64757476,23501895.594745502,44141092.78456439,44755692.668103755
Middle East & North Africa (excluding high income),MNA,23274417.446137633,27264082.557357598,32265737.516298436,39519034.56660174,50687615.84001667,60898457.24380197,72310929.35115767,81855058.72753407,94238033.50921708,109799637.24822308,130374638.51733063,149694931.75540057,168113359.55571294,202108589.11304772,219330117.93434283,256404239.26648402,269824953.8167233,293778457.8924366,314163983.92737156,323207944.01272124
Montenegro,MNE,155485.598853,166464.73100000003,177742.225,189689.5,202982.80099999998,217021.19400000002,232285.5,220819.433085,352742.161188,374649.9417,397255.13288999995,423813.46648199996,434875.2932480001,443579.551679,444998.70581699995,457045.64747599995,482188.13092799997,509113.426567,544517.035647,395568.30402187497
Mongolia,MNG,326464.15278888005,354518.133876495,381775.79867135995,234166.5,259033.698,269111.5,279339.44399999996,348289.625,465711.61999999994,513124.9469999999,590915.846912,681044.4,687758.499248,746743.624131,1512019.4757000003,1669127.3684,2079502.5,2761362.750388,2881412.46546,1913158.9662375
Mozambique,MOZ,134804.60987224002,173473.50657133,175225.58134998,193717.47850000003,340376.96160000004,600098.7660000001,959068.0995,1087855.794,1216892.3,1377838.605,1547308.5,1725592.18,1913597.35,2195944.9473769,3163032.1960000005,4374654.85068,5488700.786711999,6331920.8288,6925410.08922,15377427.558674999
Mauritania,MRT,13811.7565608,19690.69601994,29523.6516926,44342.403129900005,59527.130300000004,74885.4144,135638.6,157626.495,180951.7,231527.71600000001,454124.652,698008.7840000001,984884.337,1018965.2,1522527.435,1890765.2995560002,1889393.405106,2073571.7800639998,2162910.5833920003,1832129.9743387504
Mauritius,MUS,167144.321673,186353.153388,206077.332,250653.186,271342.7901,280796.26790000004,354238.32,437715.19800000003,444833.40440000006,505041.226736,565062.803864,633198.690447,659565.988011,700787.874384,741580.030074,781492.5405,857507.9966060001,906695.1439999999,953204.865,343500.47504437494
Malawi,MWI,43440.68611185,49368.50679159001,56112.56147037,131129.14531695,97834.91899999998,154034.9316,335078.06379999995,508325.2326,683460.856962,816171.708,969035.6654,1025135.22,1106137.557,1262780.05,1482246.48,2777759.792,4345625.927808001,5399227.76085,5689495.283352001,3798806.76
Malaysia,MYS,10671567.075755998,12563874.638732,13641679.84942,15038102.673000002,15384092.921999998,15721750.902,16133201.888,17788843.79,19518142.798,17216681.252375,19542818.405598,22195306.803518,25046552.386855002,25929974.87982,26724034.313669994,28152667.995116,30349793.6669,33168700.986086,33792924.445098,34315828.926246
North America,NAC,210720958.08639795,223902454.686,229392659.727,249968961.04399997,250691591.05200002,244794452.197,248962658.25,245650368.85,263234300.765,255676885.464,263289639.45600003,271301793.516,309310812.02699995,317599625.718,324301413.15,328313261.835,355204774.83299994,357020763.39599997,360362409.08799994,364950265.442
Namibia,NAM,73890.7822704,78860.92149099999,87620.56366559998,97611.62346,109087.61423999998,135030.61,244738.07599999997,257559.0,284018.952756,313098.61199999996,343121.4276,609907.8097,756968.287929,923459.4670220001,1103095.956,1319946.0119999999,1578883.523296,1717615.820336,1797803.2133000002,2881643.469243333
New Caledonia,NCL,72973.33896,79079.24779,82967.10987900001,87879.1125,87595.0075,87439.275,109864.44,133271.5,157547.14,182702.52,196856.8,209549.41702400002,50103.602966900005,232524.16566799997,107083.98433333334,94174.066557,101879.08523200001,108985.97368000001,113631.79848,281760.21038666664
Niger,NER,25196.33294824,30448.09293472,41954.47945754,57791.9611151,107533.405,121171.93,137355.33049999998,154586.54700000002,187286.0745,212978.827,239945.2125012,493745.83737560007,894195.4563827999,2191624.305378,7262894.586,3812058.4450829993,3282659.944878,3751473.65112,4287088.86701,25415200.225978002
Nigeria,NGA,1814191.078563,5146894.3365748,8266397.801233601,10376193.569699999,12607601.12,15070600.152,19163931.89,23650384.524,28368300.625000004,34580443.613000005,39038352.15,42901172.55,47101931.7,51865935.960999995,56768035.135,62217235.377,68240814.166728,70654451.690948,79121051.138448,221284670.28850666
Nicaragua,NIC,122366.35961920001,137097.1116675,152029.7702235,214392.47699999998,295559.429,412931.87299999996,573745.0,616819.406,796673.745,927495.975,1067702.592,1211699.573931,1531478.224188,1920134.2239999997,2406430.08,2912225.312748,3601331.255981,3641151.9494749997,4109225.802696,6622703.087903334
Netherlands,NLD,11156274.9708,13219093.08,13681686.537,14058771.507199997,14376737.4006,14816186.764399998,15073485.436800001,15260808.250799999,15558657.7132,15788839.347648,15459596.288336001,15537991.912443,15397277.19054,15965905.327008,15834466.694456,16180790.126364,15929897.519499999,16139692.99332,16376895.443454001,17342019.133956
Norway,NOR,3567454.8789999997,3790636.2909,3847388.8634999995,4093666.7029000004,4318569.608399999,4446290.9008,4566072.4428,4630641.9712,4750079.344500001,4828354.368682,4947180.10216,5023106.002521,5093092.765658,5084759.717568001,5125558.050972,5240938.08,5089392.1901,5354236.8,5402555.73,5464398.06
Nepal,NPL,117034.36601664001,217461.08819358,303215.1044075,377717.7372,466927.64009999996,535308.7895000001,2168216.7936,2471804.46,3069950.278095,3669469.4680000003,4272613.928,4891839.156264001,5786780.634,6806735.694,8030791.054000001,9889657.04552,10919934.932816,12264050.58583,14727237.520523999,29119407.055859502
New Zealand,NZL,2528020.65,2592790.3478,2887374.0,2946522.88,3068333.94,3429172.2,3500573.22,3561123.2,3598971.2045,3677170.38,3793860.0,3927208.8,4077696.5,4221527.2,4361534.0,4474493.3504,4847611.2484,4893154.8273,4898690.4428,5072980.27135
OECD members,OED,607143140.0749373,655749691.6600517,692700872.2595884,764683354.1065708,797842828.5135802,822985658.3530906,859567842.9220194,877033061.3974729,916949494.0250275,940376514.0504342,967004546.2936423,1007251875.5439594,1069642195.5133309,1084833118.3889506,1116563147.876564,1155091988.5853674,1200836528.3811374,1214128456.3454635,1237968490.1588385,1332910366.2340133
Oman,OMN,162538.2441585,164402.8345116,208720.943574,428705.0232,525305.8,719488.6120000001,987932.237988,1476846.24,2128263.6,2547635.1885,2810512.6657999996,3077153.2935,3374186.9941579998,3638338.2069759993,3931184.835,4144026.5791539997,4306877.910531,4310267.584728,4628478.8387400005,4809514.560073
Other small states,OSS,2188777.060866141,2430674.865911113,2681438.479713615,2996747.687589173,3490244.562378915,3808521.5943255452,4233067.281434904,4846194.787355377,5381509.483704422,5862241.805039572,6399995.644168076,6938607.718406818,7541097.485954356,8313639.789691502,9266423.617868448,9276339.93976232,9769989.918303294,10316548.713724587,11136775.802650273,13545659.546761286
Pakistan,PAK,10558617.155199999,11110276.3794396,11679374.85,12545539.707999999,13264937.91,14578240.05,15939123.76,16299685.2,16821037.125,18996658.02,21426464.7,23901997.13,27265079.481126003,30767152.652599998,34810892.0328,39399790.667391,44497110.601608,59815567.744775,80295957.967162,229503104.143015
Panama,PAN,362207.927395,380467.90583999996,585553.163904,766216.521,1183919.1536,1392960.0947999998,1455042.535,1577126.635,1515051.5938640002,1684292.3587,1748479.669038,2027751.7618899997,2175706.44,2457199.438742,2575966.7123000002,2694471.8548000003,3117336.8120999997,3174561.6951800003,3239342.9937050003,4078177.803761571
Peru,PER,3927158.79,4805301.78,5863169.636999999,7189736.147999999,8779410.8337,9073598.654,10113208.806300001,10552401.3686,11288239.812,11688624.248000002,12120023.826222,12442721.4976,14032432.902797999,15803404.665048001,17560991.588112,19453519.395014998,21427763.891922,23576418.260796,24997783.326500002,30529418.611251853
Philippines,PHL,4530208.1300952,4750784.7712968,5138343.8994174,5437188.4848,5765883.709,8494582.5,24084281.25,28492098.06,30854057.696,33378961.872,36007194.11000001,38860494.048,41840401.848000005,44977792.288,48274191.567,47675487.735678,60260379.508336,71708151.21804999,85713832.217518,102183723.58671871
Papua New Guinea,PNG,95421.16304310001,112168.5480195,118388.07262800001,124682.870232,82604.523,119243.65180000002,97709.0944,157186.92,282848.65,423437.598,554023.665,690716.434,860462.9384572,1028860.409688,5713822.659960501,1919716.84483,2394737.735874,2577579.765696,2753937.3447899995,9109333.637052143
Poland,POL,12420676.8166,14812009.2045,17003376.8286,18526592.16,20256215.7567,22498000.2891,23708269.220799997,23580186.4725,23717157.4884,23907958.864432,25315321.357444998,25829620.56764,27832339.561609,28855323.435404,29446266.720750004,30537871.505525004,31526303.480429996,31572969.014691,32013233.619839,31703266.032890998
Pre-demographic dividend,PRE,6112744.483235355,11026763.139074374,16173292.028499236,21989557.743116938,24327314.89770741,29523160.874109745,38097513.21447919,47356091.74737874,58737453.297890484,72904133.17852353,92077555.35891317,114595567.18500586,138037472.8604329,168799998.79731625,191319274.16766626,223865136.16755164,263824872.87967256,307689699.42243165,356567697.85497856,929499210.4908599
Puerto Rico,PRI,846914.889546,894202.529362,968137.7667360001,1053942.4070000001,1429129.08,1552270.15,1685850.825,1765791.36,2507796.72,2479223.13,2691237.436286,2204331.840816,2338469.1143360003,2285828.198688,2262695.683656,2482662.742616,1717575.6743329985,2766329.7258309997,2810894.599734,2756839.7632529996
Portugal,PRT,3331771.0258,3675115.1670000004,3999521.6688,4437533.5476,4659323.510100001,5101292.826900001,5635462.3,5833051.9,6344656.869600001,6493520.074019999,6718295.571288001,7109047.943004,7271555.014671999,7600714.9736,7678004.34342,7750328.8650320005,8058670.640977,8528719.47779,8816687.075708,9075026.052773999
Paraguay,PRY,186023.50897,430781.5745997,438323.7373636,623207.1706000001,801057.0098,1071863.6039999998,1136118.258,1439904.9095100001,1730182.1472,2207522.205,2610467.896014,3062078.1247889996,3337289.4981660005,3871387.3042800003,4177380.5201699995,4463961.380208,4883960.270924999,5148050.029488,5155475.762688,5344922.130408
West Bank and Gaza,PSE,142440.673634,531429.3798,627106.0893999999,739994.4729599999,874933.75766,1188996.6077,1416024.2140000002,1595130.6487999998,1727319.132,1899745.928,2239662.383496,2421142.164,2615885.712,2819891.565,2942492.028,3308884.9151560003,3650964.7669,4028285.5067000003,4471005.686028,4475508.647175
Pacific island small states,PSS,111719.35228588244,122521.42433722575,144265.96979154533,165879.57224131198,196620.4918999815,248146.2959472739,298759.0225515244,410765.86897699774,487229.7932429341,523074.3275100261,592626.9179159153,678109.6261298188,785246.4763355686,1028573.5282392879,1170913.556121734,1400287.6521908366,1633269.1765579784,1719050.9957327556,1760597.912059207,2343681.3054816
Post-demographic dividend,PST,572636739.5148908,612408887.5763464,636211687.7199628,695542357.3724709,720899187.0462196,737661231.3399866,763619122.9935511,770212850.7108374,803893586.3312957,823541807.953336,844997139.9875125,863316618.8720607,917118060.4017922,934218896.6165718,954913738.4545461,974178283.2763692,1010370268.9640512,1012735544.692654,1031451258.409632,981166964.3318077
French Polynesia,PYF,45722.43962999999,55903.516954000006,66090.03083999999,76174.6242,90899.96729999999,120188.526,132584.2,133146.23,144397.534344,156045.504,167711.6316,179390.845332,191070.539912,203634.17239300002,259726.22324121822,261076.53308080044,265311.0683175025,266731.92097358,269576.13564333855,247881.75620160002
Qatar,QAT,160092.097312,204152.28767999998,281869.026771,447180.15,632133.534,854327.493,1115614.08,1121085.09,1193649.534,1634711.3779999998,1968631.5004999998,2177737.080336,2356346.309911,2479343.5481600002,2571773.691552,2629495.582896,2784446.718144,2504910.0,2657333.0,2355641.6864831997
Romania,ROU,3217762.2,4583732.275,5226381.216,5909883.906,6658379.075,7454500.242000001,8084575.590299999,8061025.9528,9202626.458,9944784.902985,10766437.390557,11049821.581311999,11723636.955679998,12487276.917195,13764455.15761,14268671.625599999,15114609.683249999,15984205.606336,16287059.713562,17001703.290286
Russian Federation,RUS,18526192.433704004,21853179.251338,25782265.225421,35215741.1124,45677557.12,60755165.57399999,69996239.32,82950553.1,94629775.02,97744692.14860001,101712627.96624799,101391984.79027198,105993829.93044,110434646.35406,117575742.222582,120205799.654802,123450677.807156,127686619.13715601,130416150.07994002,132672413.61850001
Rwanda,RWA,37987.72504776,50346.88803648,978464.8185760728,202018.3276887,441192.105,774653.2640000001,825404.24,740161.31,868975.0113884999,998400.6,1204664.242,1455002.75,1740200.7179999999,2098754.32,2397695.232,2728720.0787400003,3109669.2060000002,3930720.1232,4701482.9871499995,13233024.8493
South Asia,SAS,33741086.14086365,39945260.09822056,47493664.79528,63985488.14393258,71895253.47516233,84702162.73711206,119810590.03854643,156288412.11156425,173649983.2107541,196983774.85440308,226532674.37896118,253789528.2628031,293084741.2526755,330860246.5286914,373957752.98115325,524112293.0235982,740255488.4602654,820274337.8776534,1298889546.2654848,1901092530.2652502
Saudi Arabia,SAU,2013072.9306,2612134.0245,4175863.5858239997,6710493.9,8383635.72,9202708.52,9831179.67,11918636.825,14131184.94,16712522.42,18319978.001401,20757032.125884,23178286.783014003,29173109.93538,28176149.8011,28778481.401353,30878011.99373,30784383.0,32175224.0,33264292.0
Senegal,SEN,481396.57258080004,537806.0911296,645355.3750356,810976.7015999999,857885.8807999999,925304.175,1010833.04,1269971.9060000002,1437533.46,1796121.219,2504922.0539999995,3166752.827,3858579.745608,4587270.317862,5617817.794,7097168.147999999,8950131.178272,9467016.645447,10587696.414696,17561123.8557495
Singapore,SGP,2583331.68,2602114.82,2596805.35,3207430.7010000004,3339183.24,3441425.37,3604479.72,3680418.48,3824954.64,4368035.440402,4322679.119408,4373371.13026,4735479.4610089995,4739676.740319,4971372.5274559995,5073284.700517,5231186.9297009995,5285852.484802,5408942.452858,5579531.346223999
Solomon Islands,SLB,3083.41952203,4078.6830864,8093.357819,10003.12,15263.7,20725.64,26648.4,33176.7,40137.506244000004,47595.6,55521.72,63944.697075000004,72867.651411,103536.472,148202.109,208978.18899999998,294469.060446,360944.233983,351147.74695,742389.9732416666
Sierra Leone,SLE,10872.53396736,11850.247511040001,12805.16549754,13788.9583692,14736.805,15744.6796,36091.7412,57485.259000000005,163777.0,268562.04,416523.268605,446498.391351,848297.6760959999,976790.429331,1193620.9540000001,1608254.128,2173429.343998,2233705.4219,2512159.907026,7725296.327370668
El Salvador,SLV,192149.47199999998,252234.276,330127.545,367200.2464,607753.1376,732446.5869,964851.5910000001,1151034.003,1242445.31565,1418642.7210269999,1526052.428235,1657385.943576,1798052.1768,2101460.355331,2724275.4659999995,3141723.0260159997,3404218.7434219997,3665800.671052,3949598.414315,5667424.159656
San Marino,SMR,14895.314991,14995.454255999999,15154.994008,15719.357728,17262.1224,17925.0786,8062.43,16179.52,3631.0685445,4065.5794065,4309.1048175,4698.119261000001,5110.3144354999995,20356.662975,18522.284284666664,23519.088141,27103.215,27973.608399999997,28712.239285,29909.81339333333
Somalia,SOM,108305.173431,114673.46151239998,120754.6681044,127066.54423679998,133272.8945596,138822.89492609998,3993245.2040000004,154360.375,171552.78972,193043.91,217433.7033,243002.5488,269756.312,298936.7034745,9813431.522405999,11643895.398712499,2501624.9822670002,3430209.8251860007,4913323.572000001,15943655.467978334
Serbia,SRB,1753841.895,1956922.2470000002,2015946.768,2446993.4385,2616679.032,2789227.4669999997,2982197.3239999996,3053811.018,3463920.057,3830551.244712,4427063.912037,4634491.31411,4733084.866896,4937825.598263999,5122487.172627999,5376778.689479999,5406707.063679999,5547142.206834,5567367.398967001,5653383.429225001
Sub-Saharan Africa (excluding high income),SSA,11281142.36184625,15697138.747157402,21322553.286826026,27839012.869318657,31133774.799977247,37646215.881257184,55015441.19916634,69947634.86000612,87898917.24388938,108659802.91632937,133644804.57589953,166343093.33831444,191631908.24185675,216083626.85451585,252306943.48400855,279683733.8692902,331667427.16063833,372906066.75796133,420450855.14313895,768829561.2917501
Sub-Saharan Africa,SSF,11302715.261170432,15593302.26,20031734.2,27177641.138999995,32172961.136,38295280.848000005,54574666.077,69884137.57599999,86937268.52,107806852.566,131730856.884,158913922.67,183191401.056,212945504.459,246419334.0,288246851.35400003,334338418.986,376489744.45,413014080.52800006,462384163.55100006
Small states,SST,2706951.9692049385,3079503.4409999996,3438453.4080000003,3877001.6670000004,4511162.31,5024764.221,5647987.367,6482303.44,7173159.811999999,7784472.816000001,8491107.39,9213783.852,9987714.840999998,11119254.705,11765912.976000002,12848687.166000001,13837541.158,14536756.5,15023959.271999998,15736999.803
Sao Tome and Principe,STP,21010.879445000002,22240.718204999997,23490.78116,24760.0785,26903.1564,29185.6773,34087.875,37429.066188000004,40866.538836,44424.04,48030.8247,51715.1362,57032.92,67472.22,79871.06,94532.656,112097.96194499999,124550.751618,128970.99319499999,186707.763367
Suriname,SUR,31226.2184415,33252.0787717,49872.772511099996,74926.3576,113143.79699999999,170462.9248,173720.6757,178006.08,195127.875996,212813.48,230609.4984,248725.80702600002,266841.678,290594.015276,330331.663,375576.16,427623.210973,444835.68832,472117.77069599996,528528.7913773333
Slovak Republic,SVK,2841398.892,2965252.1832999997,3013208.6832,3321516.3959999997,3552983.3965,3770484.2,4081850.1388,4018557.0495999996,4148153.8509,4216091.216618,4334068.472107001,4210751.634946999,4370483.567682,4439811.194623999,4381867.355018999,4518962.592939001,4908626.367843,4843997.078232,4837936.576104,4732828.18294
Slovenia,SVN,814980.5972,936421.8794,1083909.4068,1145082.4228,1172363.28,1305388.16,1434008.1,1382384.4762000002,1406068.1764999998,1497083.2024680001,1476095.18874,1508414.335097,1559075.73437,1630078.4393520001,1653930.465,1735623.3593400002,1820722.185447,1876274.6331600002,1877899.5735,1916428.122119
Sweden,SWE,7544673.155900001,7659785.9276,7969051.188000001,7502350.2492,8297673.3,8461648.65,8440313.4,8766034.9001,8870152.6932,9099584.829844,8971190.03196,8879062.032972,8896135.010265,9354292.774974,9081073.23858,9712869.808457999,9788081.946148,9860679.521133,9963611.183277,10083904.532855999
Eswatini,SWZ,34648.9773171,39891.0117312,40086.6105144,44718.905,75219.2335,98800.67820000001,122726.15999999997,202663.1229,233558.960934,279107.53,284074.75,293051.53759,328414.1499,408842.835,460558.026,517964.686,584592.26477,678090.7868840001,710021.590334,1134805.1185584
Seychelles,SYC,20018.414474999998,21056.952114,29569.391999999996,32635.6654,35165.0064,11453.4976,36805.7,37743.03324,41569.52028,45334.295999999995,46825.781373,50688.775724,53506.42251899999,59997.718,66959.304,74780.74999999999,83517.733026,80148.35355,103892.748212,106288.9317054
Syrian Arab Republic,SYR,792444.5563124999,1062640.5551801,1538079.566661,2401674.375,3029118.96,3802015.637,4653861.147,5147572.05,5530645.168763,5676732.254,5694870.813099999,5823461.627164001,6116998.120464,6286466.436000001,6611438.256500001,7052499.531,7531485.6962,9922575.952674,11101850.387644501,20117087.0188236
Chad,TCD,35803.3939312,41235.73355736,62209.24839504,93886.593935,136567.9224,178406.31,209313.775,242344.94299999997,277430.958,342276.975,411471.66199999995,512666.735,876649.99,999856.5760000001,1130957.17,1268076.9479999999,1437073.9161168998,1962126.2415609998,2248577.246124,15799258.0450224
East Asia & Pacific (IDA & IBRD countries),TEA,129352088.38012621,157456921.272,194619246.132,276162366.09,374316205.965,464200285.44,570952500.671,642240089.19,715279167.335,773438413.4640001,830163925.408,895452383.07,975854594.9970001,1032786424.4490001,1157736715.9559999,1266372957.908,1408350328.224,1501078401.2280002,1572016797.758,1653021956.016
Europe & Central Asia (IDA & IBRD countries),TEC,56492971.823756486,64434979.73849999,78091155.724,100896464.975,124444367.11800002,153574130.604,177617576.199,202404975.2725,227065828.31599998,241279751.38800004,259725312.9875,269223634.6045,288400728.42800003,306739421.18850005,330189651.8595,347855577.31200004,364635629.39699996,381699905.76199996,392685585.09549993,404860448.66400003
Togo,TGO,85447.62,105203.35800000001,120213.36,136143.568,152851.48799999998,170348.49,201977.7,242076.59,284029.44,327844.89,425929.65,545619.4839999999,888772.4859000001,995878.61828,1280110.59,1754165.493564,2516273.5236400003,2885925.9723289995,3419668.5124560003,8268540.987812
Thailand,THA,6988511.414331,9919777.529199999,11423481.063009,13440609.518200003,12306809.06,13692337.08,15361796.127999999,16333937.126392,18372791.5308,20213175.9916,24495752.007987,27733889.502995,33661967.46705,37637974.947853,40554103.685825,47671310.156004,55768381.880508006,61161609.087072,63110733.86498799,64198918.58212
Tajikistan,TJK,5261.309025053,20683.446168000002,266240.3255406,517831.11544739996,644311.7834,754266.1610000001,883822.2855000001,1019569.4855,1162843.5884,1314675.84,1473629.0447999998,1640600.8320000002,1814794.6657,1995273.7416,5554461.212183334,6394759.665456001,2685359.6957099997,2824621.7271999996,3674478.817584,9010393.872498667
Turkmenistan,TKM,37386.698590219996,50383.98659049,67919.6534485,73750.1653256,93538.0075,106306.04400000001,166930.68,284170.85,417971.353068,570176.736,741184.526,932166.59536,1144190.456023,1382815.5331100002,4162309.2469000006,4596118.603552,3535562.707596,3699918.8331,4113517.0846480005,6179627.576058667
Latin America & the Caribbean (IDA & IBRD countries),TLA,76983057.169755,90044529.266,114073435.81699999,132023516.35,149244675.474,176987393.71600002,200137732.2,229534226.435,253683560.95599997,274135811.232,292541475.31,329288068.74600005,351402845.351,383620638.33599997,405659477.22,425317768.76,467497857.582,481735583.6,495599982.255,520984728.5289999
Timor-Leste,TLS,0.0,939.1294528980001,4882.985,10048.89,15486.435,21175.64,32540.37,44408.28,79441.95,127456.45,206833.025,224154.366,260402.14399999997,302912.126,352164.684,364324.44347000006,424505.36873100005,479848.851573,558016.467695,1073513.793
Middle East & North Africa (IDA & IBRD countries),TMN,23139454.24474078,26695321.17,31743889.254,38905922.594000004,49966242.15,59753146.992000006,70947781.905,80408595.84,92714836.39800002,108081479.615,128426721.936,146664539.542,165478216.088,190381354.988,208507541.694,235739080.50899997,269291379.483,286899504.72,305437658.24,321864786.36
Tonga,TON,4152.7946827000005,5186.1002038,6219.9868682,7662.7880562,8680.146054,10720.3,17184.0,26892.5,32238.0,35072.32812,38330.626296,41007.096735,42156.83800000001,48674.472,56372.778,65292.4841141331,70450.0575148104,60708.01814,61834.724,64396.886333333336
South Asia (IDA & IBRD),TSA,33741086.14086365,39945260.09822056,47493664.79528,63985488.14393258,71895253.47516233,84702162.73711206,119810590.03854643,156288412.11156425,173649983.2107541,196983774.85440308,226532674.37896118,253789528.2628031,293084741.2526755,330860246.5286914,373957752.98115325,524112293.0235982,740255488.4602654,820274337.8776534,893361648.546,958856572.2633334
Sub-Saharan Africa (IDA & IBRD countries),TSS,11302715.261170432,15593302.26,20031734.2,27177641.138999995,32172961.136,38295280.848000005,54574666.077,69884137.57599999,86937268.52,107806852.566,131730856.884,158913922.67,183191401.056,212945504.459,246419334.0,288246851.35400003,334338418.986,376489744.45,413014080.52800006,462384163.55100006
Trinidad and Tobago,TTO,363579.52734,375101.642898,389431.22392799996,420929.724,455388.27599999995,580376.958,639091.29,733066.488,767736.55,802993.6429999999,839494.032,878633.2169999998,917940.81,957782.8979999999,989492.504,1022988.75,1056222.847425,1080370.82,1092429.568615,726424.5028566666
Tunisia,TUN,867053.7431765998,990175.0515247999,1343626.18824,1785531.0420000001,2902387.4155,3628687.0167,3961880.639999999,4256439.685,4562573.871152,4879916.118,5204211.340799999,5302052.76,5718222.304,6466049.690996,7552377.5607119985,7920679.027000001,8208982.413147999,8231076.3624100005,8948661.719586,8484236.652744668
Turkiye,TUR,10000803.558600001,10718349.5122,12776271.6576,20086267.4656,24420461.728599995,26222270.984,29125204.13,31964925.394253,33926850.7251,35218276.1,39391626.864616,42038521.53855,46256867.433874,51949947.450508006,57833957.123312,61089544.59047999,64764547.41728,68502985.226712,70904859.96963601,73346796.795755
Tuvalu,TUV,746.016,825.02,915.0959999999999,1018.2,1155.952,1339.0080000000003,1549.644,1778.7,2044.658,2332.212,2647.1440000000002,2992.8990000000003,3388.3,3825.8880000000004,4738.116214,4880.69787,7845.255176000001,8386.410114,8112.634695999999,8320.8818496
Tanzania,TZA,334440.918951,431002.836,523833.726,662968.192,808843.832,1047215.568,1297996.152,1472939.744,1871283.27,2148261.632,3524605.84,5202096.2,7268502.363546001,8904462.4,9821751.795000002,10815572.352743002,15634888.754352,18661637.650592,20637440.970573,55676610.184505194
Uganda,UGA,195504.63319065,487179.2172869,728303.9942808001,1088865.053571,1184934.6564,1289497.1909999999,1392804.486,1534308.978,1648197.024,1802189.142,1965359.1060000001,2176823.868,2289149.9680000003,2370465.892,2493949.86,2587638.644891216,3289829.248,4591093.0,22139608.354298,40085390.40632281
Ukraine,UKR,1674235.3008636,1784344.1446656,2130434.6860728003,3082613.269,5150109.25,8345647.848999999,10824248.699000001,13294197.362799,16298286.751200002,18890803.51257,21255789.6168,22381763.270016,24177377.128319997,26757057.364695,28279618.013524,31526327.507583994,33526944.225305997,35092629.53112,25325898.207785998,30636097.031090397
Upper middle income,UMC,216353386.01929837,252798692.61,314869946.454,420485803.68799996,540624075.174,660195088.794,789308721.09,899877866.372,1005215281.7229999,1099261331.275,1183762341.022,1290678926.849,1396098993.6279998,1497726131.2020001,1641392842.04,1794053365.2319999,1962925329.151,2071757283.6350002,2152967424.444,2253491567.2
Uruguay,URY,560206.8263879999,660052.250022,967114.764,1120352.02,1297755.561,1383618.0379999997,1539821.12,1710144.4107749998,1816252.589738,1929924.9153,2062886.7847499999,2174755.5210360005,2243843.912,2382830.924112,2740298.6731119994,2831622.1590899997,2905131.9392800005,2977012.9525800003,3047515.24049,2812260.823005333
United States,USA,189615733.294734,200857017.524919,205676853.90054402,225923405.25,225029534.84,217807785.59,221756628.81669998,217265603.383895,234466613.51400003,225666802.15800002,232422020.17,239124391.064748,276369794.38421994,283750012.089872,289248210.89481103,293626461.957759,320178103.02954406,321354343.548784,323706188.232889,288057175.31714666
Uzbekistan,UZB,675131.059755,881248.0948225,1705620.3037776,2028155.455248,2496555.7234513997,3324780.0319999997,4513295.454,5361114.456,6905809.108000001,7966049.42,10729162.87,13160720.088,14638456.066584,15495939.686,17870166.48,23207149.504,23879910.492,26227383.741184,29313783.245,31735401.943752
St. Vincent and the Grenadines,VCT,8317.259669500001,10343.46586,13441.68,17844.96,23315.88,34257.48,37056.183000000005,40131.083000000006,43494.4,47038.725,50971.59,52838.24,54769.735,56741.031,58758.56,77050.559061,80156.972494,80959.314748,79332.397228,87421.68704599999
"Venezuela, RB",VEN,2213807.8274586,3362421.9761200007,4144876.7694420004,5759362.312899999,7260296.5248,9299323.446,10767455.8437,11738292.266399998,14496181.206826,16421796.702,17244825.03,17732903.76,18459432.0,18828238.968,18068160.030856,20893133.127412,21347640.080142,21804835.08241867,22013074.853504,23644457.889671996
Virgin Islands (U.S.),VIR,29694.736820000002,29655.713679,29620.065294,29618.577441,29659.370346,29698.901859999998,33829.0554,38551.24,43867.962051999995,48942.573,54016.517400000004,59068.291392,64088.45982800001,69064.82577499999,69798.820986,75127.510045,77246.93067,80158.69412,82546.03901133333,84786.994878
Viet Nam,VNM,6139833.5536011,10330569.987887,14177741.955762,17358441.51475,20374048.4896,22955134.779,26805004.087999996,31025837.7198,32939811.007999998,34870645.04,37588626.98,41770464.3,49820062.01,55335894.4278,67219746.337801,66721069.38201601,68949671.273,73419736.2258,78339026.7645,78354991.51359999
Vanuatu,VUT,9764.278326,10711.518708,12632.7694457,15046.768,16493.342515199998,17454.825,19059.84,22399.607999999997,26376.62034,28756.466,48925.12,59477.298914,65300.88,85780.156,112677.305,148125.45042500002,192123.85388,209862.15215999997,218784.092848,233065.50660000005
World,WLD,911398198.8370488,1025800511.97,1152131757.566,1369066806.6845002,1557269432.7480001,1756696772.8579998,1995191301.405,2196722515.685,2403898488.975,2571921498.318,2757716597.0625,2969147216.4795003,3229736510.0715,3456807552.3809996,3740496495.885,4137306551.98,4658690302.1735,4926976663.212,5145548098.558001,5433704424.674
Samoa,WSM,5728.1438697,6268.6057302,8389.034315300001,8965.7297494,9565.4618334,11490.78,13511.61,21418.43,25392.454049999997,30335.004000000004,42407.844,51266.75274,64509.183,80933.51,101922.76200000002,128407.59668,148267.75658400002,163081.951487,162063.333809,146030.86200000002
"Yemen, Rep.",YEM,194707.69349241,238976.83131,293775.2982906,1218335.9082,1730212.7348999998,2582401.3104000003,3304166.7945,4111230.7978499997,4960676.223855,5862590.4,6816032.679500001,7504861.069665999,7892137.78592,8841364.636464,19002488.965,22981733.213800002,4992103.593176,5529474.58263,6763461.462448,26549398.526000004
South Africa,ZAF,4127586.0089551997,3706080.9172182,3803438.9289778,4075322.3082192,4308960.6957,5172851.6,12562572.24,18002471.138499998,22050852.47,25425637.815,27241470.62,29450349.898567,30920157.54,32372171.981188003,36574512.624,41530908.620565,43673228.68576799,45606271.213002004,46598543.62230001,42605146.81600001
Zambia,ZMB,124720.17800000001,152344.647,194072.848,238736.615,286469.128,337259.725,418967.82,505322.86,611458.7889999999,739151.8559999999,1033195.475,1443119.8320000002,1742185.5690000001,2127841.04,2570220.367,3462087.893,4669399.2998399995,5283270.104535,6294608.9607959995,13967952.41
Zimbabwe,ZWE,259683.81600000002,299602.368,303274.68,384121.74,453570.215,525711.6,854819.072,1142015.6160000002,1658146.44,2172140.24,2324991.678273,3274738.728564,3375587.9728,3614245.6079999995,3758613.0,4060397.137944,4549160.807568,5128027.12136,5232325.66944,11013714.028000003
